scheme,mode,key_size,payload_bytes,device,operation,mean_ms,median_ms,std_ms,p95_ms,timestamp,trials,source_file,label,payload_readings,mean_calls_per_second,p95_calls_per_second
BFV,poly-16384,16384,400,Joshuas-MacBook-Pro-212.local | Darwin 25.4.0 | arm | RAM 16.0 GB | CPU 10 logical,add,0.282409,0.257999,0.095723,0.370098,2026-06-15T17:48:35+00:00,50,he_comparison_sgcc_sweep_t50_bfv.csv,BFV poly-16384,50.0,3540.963637844403,2701.9870412701503
BFV,poly-16384,16384,400,Joshuas-MacBook-Pro-212.local | Darwin 25.4.0 | arm | RAM 16.0 GB | CPU 10 logical,decrypt,3.030164,3.056125,0.241073,3.391554,2026-06-15T17:48:35+00:00,50,he_comparison_sgcc_sweep_t50_bfv.csv,BFV poly-16384,50.0,330.0151410946734,294.85008936906206
BFV,poly-16384,16384,400,Joshuas-MacBook-Pro-212.local | Darwin 25.4.0 | arm | RAM 16.0 GB | CPU 10 logical,encrypt,7.082626,7.00325,0.376883,7.861523,2026-06-15T17:48:35+00:00,50,he_comparison_sgcc_sweep_t50_bfv.csv,BFV poly-16384,50.0,141.19056971242023,127.20181572959845
BFV,poly-16384,16384,400,Joshuas-MacBook-Pro-212.local | Darwin 25.4.0 | arm | RAM 16.0 GB | CPU 10 logical,multiply,44.491975,43.807667,2.420706,48.191675,2026-06-15T17:48:38+00:00,50,he_comparison_sgcc_sweep_t50_bfv.csv,BFV poly-16384,50.0,22.475963361932127,20.750471943546266
BFV,poly-4096,4096,400,Joshuas-MacBook-Pro-212.local | Darwin 25.4.0 | arm | RAM 16.0 GB | CPU 10 logical,add,0.023976,0.022291,0.006636,0.0285,2026-06-15T17:48:32+00:00,50,he_comparison_sgcc_sweep_t50_bfv.csv,BFV poly-4096,50.0,41708.37504170837,35087.71929824561
BFV,poly-4096,4096,400,Joshuas-MacBook-Pro-212.local | Darwin 25.4.0 | arm | RAM 16.0 GB | CPU 10 logical,decrypt,0.209122,0.201896,0.025903,0.238736,2026-06-15T17:48:32+00:00,50,he_comparison_sgcc_sweep_t50_bfv.csv,BFV poly-4096,50.0,4781.897648262737,4188.727297098049
BFV,poly-4096,4096,400,Joshuas-MacBook-Pro-212.local | Darwin 25.4.0 | arm | RAM 16.0 GB | CPU 10 logical,encrypt,0.804999,0.779271,0.052037,0.926281,2026-06-15T17:48:32+00:00,50,he_comparison_sgcc_sweep_t50_bfv.csv,BFV poly-4096,50.0,1242.237567996979,1079.5860003605817
BFV,poly-4096,4096,400,Joshuas-MacBook-Pro-212.local | Darwin 25.4.0 | arm | RAM 16.0 GB | CPU 10 logical,multiply,2.247257,2.235271,0.084446,2.371704,2026-06-15T17:48:32+00:00,50,he_comparison_sgcc_sweep_t50_bfv.csv,BFV poly-4096,50.0,444.9869329587137,421.637776046252
BFV,poly-8192,8192,400,Joshuas-MacBook-Pro-212.local | Darwin 25.4.0 | arm | RAM 16.0 GB | CPU 10 logical,add,0.067247,0.066479,0.002678,0.07386,2026-06-15T17:48:33+00:00,50,he_comparison_sgcc_sweep_t50_bfv.csv,BFV poly-8192,50.0,14870.55184617901,13539.128080151639
BFV,poly-8192,8192,400,Joshuas-MacBook-Pro-212.local | Darwin 25.4.0 | arm | RAM 16.0 GB | CPU 10 logical,decrypt,0.72271,0.688042,0.065271,0.869112,2026-06-15T17:48:33+00:00,50,he_comparison_sgcc_sweep_t50_bfv.csv,BFV poly-8192,50.0,1383.6808678446405,1150.5996925597622
BFV,poly-8192,8192,400,Joshuas-MacBook-Pro-212.local | Darwin 25.4.0 | arm | RAM 16.0 GB | CPU 10 logical,encrypt,2.161338,2.124417,0.115787,2.34419,2026-06-15T17:48:33+00:00,50,he_comparison_sgcc_sweep_t50_bfv.csv,BFV poly-8192,50.0,462.6763606617752,426.58658214564514
BFV,poly-8192,8192,400,Joshuas-MacBook-Pro-212.local | Darwin 25.4.0 | arm | RAM 16.0 GB | CPU 10 logical,multiply,9.09312,9.064521,0.198974,9.317777,2026-06-15T17:48:33+00:00,50,he_comparison_sgcc_sweep_t50_bfv.csv,BFV poly-8192,50.0,109.9732545045045,107.3217356457447
CKKS,balanced-8192,8192,400,Joshuas-MacBook-Pro-212.local | Darwin 25.4.0 | arm | RAM 16.0 GB | CPU 10 logical,add,0.035861,0.03525,0.0018,0.039977,2026-06-15T17:48:38+00:00,50,he_comparison_sgcc_sweep_t50_ckks.csv,CKKS balanced-8192,50.0,27885.446585427067,25014.38327038047
CKKS,balanced-8192,8192,400,Joshuas-MacBook-Pro-212.local | Darwin 25.4.0 | arm | RAM 16.0 GB | CPU 10 logical,decrypt,0.718781,0.696542,0.041032,0.800025,2026-06-15T17:48:38+00:00,50,he_comparison_sgcc_sweep_t50_ckks.csv,CKKS balanced-8192,50.0,1391.2443428526908,1249.960938720665
CKKS,balanced-8192,8192,400,Joshuas-MacBook-Pro-212.local | Darwin 25.4.0 | arm | RAM 16.0 GB | CPU 10 logical,encrypt,2.579265,2.549104,0.124371,2.785625,2026-06-15T17:48:38+00:00,50,he_comparison_sgcc_sweep_t50_ckks.csv,CKKS balanced-8192,50.0,387.7073507375163,358.9858649315683
CKKS,balanced-8192,8192,400,Joshuas-MacBook-Pro-212.local | Darwin 25.4.0 | arm | RAM 16.0 GB | CPU 10 logical,multiply,1.866351,1.829562,0.109548,2.060227,2026-06-15T17:48:38+00:00,50,he_comparison_sgcc_sweep_t50_ckks.csv,CKKS balanced-8192,50.0,535.8048941490641,485.38340677993256
CKKS,high-depth-16384,16384,400,Joshuas-MacBook-Pro-212.local | Darwin 25.4.0 | arm | RAM 16.0 GB | CPU 10 logical,add,0.109295,0.10173,0.042074,0.117996,2026-06-15T17:48:39+00:00,50,he_comparison_sgcc_sweep_t50_ckks.csv,CKKS high-depth-16384,50.0,9149.549384692804,8474.863554696769
CKKS,high-depth-16384,16384,400,Joshuas-MacBook-Pro-212.local | Darwin 25.4.0 | arm | RAM 16.0 GB | CPU 10 logical,decrypt,2.086944,2.066292,0.089627,2.256004,2026-06-15T17:48:39+00:00,50,he_comparison_sgcc_sweep_t50_ckks.csv,CKKS high-depth-16384,50.0,479.1695416839168,443.26162542264996
CKKS,high-depth-16384,16384,400,Joshuas-MacBook-Pro-212.local | Darwin 25.4.0 | arm | RAM 16.0 GB | CPU 10 logical,encrypt,6.356736,6.311938,0.245099,6.745829,2026-06-15T17:48:39+00:00,50,he_comparison_sgcc_sweep_t50_ckks.csv,CKKS high-depth-16384,50.0,157.31343884660305,148.23974933251347
CKKS,high-depth-16384,16384,400,Joshuas-MacBook-Pro-212.local | Darwin 25.4.0 | arm | RAM 16.0 GB | CPU 10 logical,multiply,5.799889,5.765021,0.204581,6.140408,2026-06-15T17:48:39+00:00,50,he_comparison_sgcc_sweep_t50_ckks.csv,CKKS high-depth-16384,50.0,172.41709280987962,162.8556278345022
Paillier,PHE-2048,2048,8,Joshuas-MacBook-Pro-212.local | Darwin 25.4.0 | arm | RAM 16.0 GB | CPU 10 logical,add,0.054803,0.054688,0.000376,0.055084,2026-06-15T17:47:46+00:00,50,he_comparison_sgcc_sweep_t50_paillier.csv,Paillier PHE-2048,1.0,18247.176249475393,18154.091932321546
Paillier,PHE-2048,2048,8,Joshuas-MacBook-Pro-212.local | Darwin 25.4.0 | arm | RAM 16.0 GB | CPU 10 logical,decrypt,33.006411,32.938042,0.433267,33.484454,2026-06-15T17:47:46+00:00,50,he_comparison_sgcc_sweep_t50_paillier.csv,Paillier PHE-2048,1.0,30.297144394160274,29.864605228444223
Paillier,PHE-2048,2048,8,Joshuas-MacBook-Pro-212.local | Darwin 25.4.0 | arm | RAM 16.0 GB | CPU 10 logical,encrypt,125.357684,121.954042,15.965735,130.486392,2026-06-15T17:47:45+00:00,50,he_comparison_sgcc_sweep_t50_paillier.csv,Paillier PHE-2048,1.0,7.977173541272507,7.663634381123819
Paillier,PHE-2048,2048,8,Joshuas-MacBook-Pro-212.local | Darwin 25.4.0 | arm | RAM 16.0 GB | CPU 10 logical,keygen,892.513361,865.761625,101.678641,990.980125,2026-06-15T17:47:37+00:00,50,he_comparison_sgcc_sweep_t50_paillier.csv,Paillier PHE-2048,1.0,1.120431406068329,1.0091019736647089
Paillier,PHE-2048,2048,8,Joshuas-MacBook-Pro-212.local | Darwin 25.4.0 | arm | RAM 16.0 GB | CPU 10 logical,mul_plain,0.106008,0.105584,0.001437,0.10814,2026-06-15T17:47:46+00:00,50,he_comparison_sgcc_sweep_t50_paillier.csv,Paillier PHE-2048,1.0,9433.25032073051,9247.272054743851
Paillier,PHE-3072,3072,8,Joshuas-MacBook-Pro-212.local | Darwin 25.4.0 | arm | RAM 16.0 GB | CPU 10 logical,add,0.109173,0.108833,0.001162,0.110648,2026-06-15T17:48:25+00:00,50,he_comparison_sgcc_sweep_t50_paillier.csv,Paillier PHE-3072,1.0,9159.77393677924,9037.669004410383
Paillier,PHE-3072,3072,8,Joshuas-MacBook-Pro-212.local | Darwin 25.4.0 | arm | RAM 16.0 GB | CPU 10 logical,decrypt,104.520713,104.222896,0.889471,106.29729,2026-06-15T17:48:25+00:00,50,he_comparison_sgcc_sweep_t50_paillier.csv,Paillier PHE-3072,1.0,9.567481614864223,9.40757755912686
Paillier,PHE-3072,3072,8,Joshuas-MacBook-Pro-212.local | Darwin 25.4.0 | arm | RAM 16.0 GB | CPU 10 logical,encrypt,378.293211,376.778166,5.951725,387.725241,2026-06-15T17:48:20+00:00,50,he_comparison_sgcc_sweep_t50_paillier.csv,Paillier PHE-3072,1.0,2.6434521448496207,2.5791459885893784
Paillier,PHE-3072,3072,8,Joshuas-MacBook-Pro-212.local | Darwin 25.4.0 | arm | RAM 16.0 GB | CPU 10 logical,keygen,2867.892542,2812.86575,211.033205,3072.175925,2026-06-15T17:47:55+00:00,50,he_comparison_sgcc_sweep_t50_paillier.csv,Paillier PHE-3072,1.0,0.34868809948598134,0.3255021927170398
Paillier,PHE-3072,3072,8,Joshuas-MacBook-Pro-212.local | Darwin 25.4.0 | arm | RAM 16.0 GB | CPU 10 logical,mul_plain,0.218247,0.213938,0.010087,0.238525,2026-06-15T17:48:25+00:00,50,he_comparison_sgcc_sweep_t50_paillier.csv,Paillier PHE-3072,1.0,4581.964471447489,4192.432659050414
BFV,poly-16384,16384,400,Joshuas-MacBook-Pro-212.local | Darwin 25.4.0 | arm | RAM 16.0 GB | CPU 10 logical,add,0.268374,0.24675,0.088407,0.350185,2026-06-15T17:50:43+00:00,100,he_comparison_sgcc_sweep_t100_bfv.csv,BFV poly-16384,50.0,3726.1433670921924,2855.6334508902437
BFV,poly-16384,16384,400,Joshuas-MacBook-Pro-212.local | Darwin 25.4.0 | arm | RAM 16.0 GB | CPU 10 logical,decrypt,2.949797,2.977146,0.262134,3.343256,2026-06-15T17:50:43+00:00,100,he_comparison_sgcc_sweep_t100_bfv.csv,BFV poly-16384,50.0,339.00637908303526,299.1096105114296
BFV,poly-16384,16384,400,Joshuas-MacBook-Pro-212.local | Darwin 25.4.0 | arm | RAM 16.0 GB | CPU 10 logical,encrypt,6.871618,6.831271,0.273716,7.319377,2026-06-15T17:50:43+00:00,100,he_comparison_sgcc_sweep_t100_bfv.csv,BFV poly-16384,50.0,145.52613372862112,136.6236497997029
BFV,poly-16384,16384,400,Joshuas-MacBook-Pro-212.local | Darwin 25.4.0 | arm | RAM 16.0 GB | CPU 10 logical,multiply,42.579895,42.616125,0.424062,43.228142,2026-06-15T17:50:47+00:00,100,he_comparison_sgcc_sweep_t100_bfv.csv,BFV poly-16384,50.0,23.485262234676718,23.133078446906186
BFV,poly-4096,4096,400,Joshuas-MacBook-Pro-212.local | Darwin 25.4.0 | arm | RAM 16.0 GB | CPU 10 logical,add,0.022686,0.021645,0.007128,0.023494,2026-06-15T17:50:38+00:00,100,he_comparison_sgcc_sweep_t100_bfv.csv,BFV poly-4096,50.0,44080.049369655295,42564.05890865753
BFV,poly-4096,4096,400,Joshuas-MacBook-Pro-212.local | Darwin 25.4.0 | arm | RAM 16.0 GB | CPU 10 logical,decrypt,0.211125,0.203146,0.027431,0.255864,2026-06-15T17:50:38+00:00,100,he_comparison_sgcc_sweep_t100_bfv.csv,BFV poly-4096,50.0,4736.530491415038,3908.3262983459967
BFV,poly-4096,4096,400,Joshuas-MacBook-Pro-212.local | Darwin 25.4.0 | arm | RAM 16.0 GB | CPU 10 logical,encrypt,0.815305,0.788021,0.103318,0.890533,2026-06-15T17:50:38+00:00,100,he_comparison_sgcc_sweep_t100_bfv.csv,BFV poly-4096,50.0,1226.5348550542435,1122.923013521116
BFV,poly-4096,4096,400,Joshuas-MacBook-Pro-212.local | Darwin 25.4.0 | arm | RAM 16.0 GB | CPU 10 logical,multiply,2.280441,2.298354,0.090702,2.416804,2026-06-15T17:50:39+00:00,100,he_comparison_sgcc_sweep_t100_bfv.csv,BFV poly-4096,50.0,438.51167383852504,413.76958992123485
BFV,poly-8192,8192,400,Joshuas-MacBook-Pro-212.local | Darwin 25.4.0 | arm | RAM 16.0 GB | CPU 10 logical,add,0.07478,0.068812,0.021244,0.139508,2026-06-15T17:50:39+00:00,100,he_comparison_sgcc_sweep_t100_bfv.csv,BFV poly-8192,50.0,13372.55950788981,7168.047710525561
BFV,poly-8192,8192,400,Joshuas-MacBook-Pro-212.local | Darwin 25.4.0 | arm | RAM 16.0 GB | CPU 10 logical,decrypt,1.447882,0.762687,2.085213,2.828817,2026-06-15T17:50:39+00:00,100,he_comparison_sgcc_sweep_t100_bfv.csv,BFV poly-8192,50.0,690.6640182003782,353.504662903256
BFV,poly-8192,8192,400,Joshuas-MacBook-Pro-212.local | Darwin 25.4.0 | arm | RAM 16.0 GB | CPU 10 logical,encrypt,2.169097,2.181063,0.104734,2.360954,2026-06-15T17:50:39+00:00,100,he_comparison_sgcc_sweep_t100_bfv.csv,BFV poly-8192,50.0,461.02133745056125,423.5575957854325
BFV,poly-8192,8192,400,Joshuas-MacBook-Pro-212.local | Darwin 25.4.0 | arm | RAM 16.0 GB | CPU 10 logical,multiply,9.179548,9.09598,0.640588,9.502806,2026-06-15T17:50:40+00:00,100,he_comparison_sgcc_sweep_t100_bfv.csv,BFV poly-8192,50.0,108.93782569686437,105.23207566270426
CKKS,balanced-8192,8192,400,Joshuas-MacBook-Pro-212.local | Darwin 25.4.0 | arm | RAM 16.0 GB | CPU 10 logical,add,0.038219,0.035292,0.006389,0.053601,2026-06-15T17:50:48+00:00,100,he_comparison_sgcc_sweep_t100_ckks.csv,CKKS balanced-8192,50.0,26164.996467725476,18656.36835133673
CKKS,balanced-8192,8192,400,Joshuas-MacBook-Pro-212.local | Darwin 25.4.0 | arm | RAM 16.0 GB | CPU 10 logical,decrypt,0.703665,0.686458,0.040063,0.769589,2026-06-15T17:50:48+00:00,100,he_comparison_sgcc_sweep_t100_ckks.csv,CKKS balanced-8192,50.0,1421.1307937726049,1299.394871808199
CKKS,balanced-8192,8192,400,Joshuas-MacBook-Pro-212.local | Darwin 25.4.0 | arm | RAM 16.0 GB | CPU 10 logical,encrypt,2.530822,2.544771,0.107386,2.709069,2026-06-15T17:50:48+00:00,100,he_comparison_sgcc_sweep_t100_ckks.csv,CKKS balanced-8192,50.0,395.1285392651083,369.1305020285567
CKKS,balanced-8192,8192,400,Joshuas-MacBook-Pro-212.local | Darwin 25.4.0 | arm | RAM 16.0 GB | CPU 10 logical,multiply,1.841662,1.830937,0.082492,1.991392,2026-06-15T17:50:48+00:00,100,he_comparison_sgcc_sweep_t100_ckks.csv,CKKS balanced-8192,50.0,542.9878012360574,502.1613022448619
CKKS,high-depth-16384,16384,400,Joshuas-MacBook-Pro-212.local | Darwin 25.4.0 | arm | RAM 16.0 GB | CPU 10 logical,add,0.099928,0.097417,0.011101,0.125377,2026-06-15T17:50:49+00:00,100,he_comparison_sgcc_sweep_t100_ckks.csv,CKKS high-depth-16384,50.0,10007.20518773517,7975.9445512334805
CKKS,high-depth-16384,16384,400,Joshuas-MacBook-Pro-212.local | Darwin 25.4.0 | arm | RAM 16.0 GB | CPU 10 logical,decrypt,2.075716,2.066708,0.09385,2.243488,2026-06-15T17:50:49+00:00,100,he_comparison_sgcc_sweep_t100_ckks.csv,CKKS high-depth-16384,50.0,481.76147411302895,445.734499137058
CKKS,high-depth-16384,16384,400,Joshuas-MacBook-Pro-212.local | Darwin 25.4.0 | arm | RAM 16.0 GB | CPU 10 logical,encrypt,6.290937,6.275958,0.233464,6.844228,2026-06-15T17:50:49+00:00,100,he_comparison_sgcc_sweep_t100_ckks.csv,CKKS high-depth-16384,50.0,158.9588323647177,146.1085165485428
CKKS,high-depth-16384,16384,400,Joshuas-MacBook-Pro-212.local | Darwin 25.4.0 | arm | RAM 16.0 GB | CPU 10 logical,multiply,5.9596,5.970188,0.22557,6.301683,2026-06-15T17:50:50+00:00,100,he_comparison_sgcc_sweep_t100_ckks.csv,CKKS high-depth-16384,50.0,167.79649640915497,158.68776642684185
Paillier,PHE-2048,2048,8,Joshuas-MacBook-Pro-212.local | Darwin 25.4.0 | arm | RAM 16.0 GB | CPU 10 logical,add,0.057518,0.054917,0.009064,0.070712,2026-06-15T17:49:12+00:00,100,he_comparison_sgcc_sweep_t100_paillier.csv,Paillier PHE-2048,1.0,17385.861817170276,14141.871252404118
Paillier,PHE-2048,2048,8,Joshuas-MacBook-Pro-212.local | Darwin 25.4.0 | arm | RAM 16.0 GB | CPU 10 logical,decrypt,33.259513,33.103916,0.602725,34.266829,2026-06-15T17:49:12+00:00,100,he_comparison_sgcc_sweep_t100_paillier.csv,Paillier PHE-2048,1.0,30.06658576149326,29.18274112845399
Paillier,PHE-2048,2048,8,Joshuas-MacBook-Pro-212.local | Darwin 25.4.0 | arm | RAM 16.0 GB | CPU 10 logical,encrypt,124.099934,123.613021,1.483073,127.020665,2026-06-15T17:49:09+00:00,100,he_comparison_sgcc_sweep_t100_paillier.csv,Paillier PHE-2048,1.0,8.05802201313016,7.872734723912838
Paillier,PHE-2048,2048,8,Joshuas-MacBook-Pro-212.local | Darwin 25.4.0 | arm | RAM 16.0 GB | CPU 10 logical,keygen,2037.071194,2025.938625,256.487284,2271.643012,2026-06-15T17:48:55+00:00,100,he_comparison_sgcc_sweep_t100_paillier.csv,Paillier PHE-2048,1.0,0.4909008595013297,0.440210013068726
Paillier,PHE-2048,2048,8,Joshuas-MacBook-Pro-212.local | Darwin 25.4.0 | arm | RAM 16.0 GB | CPU 10 logical,mul_plain,0.110765,0.106125,0.011306,0.130596,2026-06-15T17:49:12+00:00,100,he_comparison_sgcc_sweep_t100_paillier.csv,Paillier PHE-2048,1.0,9028.122601904934,7657.20236454409
Paillier,PHE-3072,3072,8,Joshuas-MacBook-Pro-212.local | Darwin 25.4.0 | arm | RAM 16.0 GB | CPU 10 logical,add,0.111612,0.109208,0.009077,0.116966,2026-06-15T17:50:28+00:00,100,he_comparison_sgcc_sweep_t100_paillier.csv,Paillier PHE-3072,1.0,8959.610077769416,8549.493015064207
Paillier,PHE-3072,3072,8,Joshuas-MacBook-Pro-212.local | Darwin 25.4.0 | arm | RAM 16.0 GB | CPU 10 logical,decrypt,107.091638,105.955062,5.246041,110.102615,2026-06-15T17:50:28+00:00,100,he_comparison_sgcc_sweep_t100_paillier.csv,Paillier PHE-3072,1.0,9.337797223719745,9.08243641624679
Paillier,PHE-3072,3072,8,Joshuas-MacBook-Pro-212.local | Darwin 25.4.0 | arm | RAM 16.0 GB | CPU 10 logical,encrypt,385.973257,382.067917,15.254283,406.643471,2026-06-15T17:50:17+00:00,100,he_comparison_sgcc_sweep_t100_paillier.csv,Paillier PHE-3072,1.0,2.5908530756057018,2.459156660110252
Paillier,PHE-3072,3072,8,Joshuas-MacBook-Pro-212.local | Darwin 25.4.0 | arm | RAM 16.0 GB | CPU 10 logical,keygen,7083.863861,6875.500041,672.745012,7740.074692,2026-06-15T17:49:34+00:00,100,he_comparison_sgcc_sweep_t100_paillier.csv,Paillier PHE-3072,1.0,0.14116589754151967,0.12919771963358206
Paillier,PHE-3072,3072,8,Joshuas-MacBook-Pro-212.local | Darwin 25.4.0 | arm | RAM 16.0 GB | CPU 10 logical,mul_plain,0.222022,0.220084,0.00976,0.233614,2026-06-15T17:50:28+00:00,100,he_comparison_sgcc_sweep_t100_paillier.csv,Paillier PHE-3072,1.0,4504.058156398915,4280.565377075004
BFV,poly-16384,16384,400,Joshuas-MacBook-Pro-212.local | Darwin 25.4.0 | arm | RAM 16.0 GB | CPU 10 logical,add,0.286258,0.251229,0.136079,0.60574,2026-06-15T18:03:51+00:00,150,he_comparison_sgcc_sweep_t150_bfv.csv,BFV poly-16384,50.0,3493.3521508569193,1650.8733119820386
BFV,poly-16384,16384,400,Joshuas-MacBook-Pro-212.local | Darwin 25.4.0 | arm | RAM 16.0 GB | CPU 10 logical,decrypt,2.894429,2.863625,0.230901,3.269581,2026-06-15T18:03:50+00:00,150,he_comparison_sgcc_sweep_t150_bfv.csv,BFV poly-16384,50.0,345.49128688249044,305.84958745478394
BFV,poly-16384,16384,400,Joshuas-MacBook-Pro-212.local | Darwin 25.4.0 | arm | RAM 16.0 GB | CPU 10 logical,encrypt,7.63519,6.923667,2.387819,14.259193,2026-06-15T18:03:50+00:00,150,he_comparison_sgcc_sweep_t150_bfv.csv,BFV poly-16384,50.0,130.97251017983837,70.13019600758612
BFV,poly-16384,16384,400,Joshuas-MacBook-Pro-212.local | Darwin 25.4.0 | arm | RAM 16.0 GB | CPU 10 logical,multiply,42.742702,42.623874,1.148321,43.403727,2026-06-15T18:03:57+00:00,150,he_comparison_sgcc_sweep_t150_bfv.csv,BFV poly-16384,50.0,23.395806844405858,23.039496124376598
BFV,poly-4096,4096,400,Joshuas-MacBook-Pro-212.local | Darwin 25.4.0 | arm | RAM 16.0 GB | CPU 10 logical,add,0.023332,0.022312,0.006912,0.026625,2026-06-15T18:03:45+00:00,150,he_comparison_sgcc_sweep_t150_bfv.csv,BFV poly-4096,50.0,42859.59197668439,37558.68544600939
BFV,poly-4096,4096,400,Joshuas-MacBook-Pro-212.local | Darwin 25.4.0 | arm | RAM 16.0 GB | CPU 10 logical,decrypt,0.227201,0.198041,0.15678,0.262835,2026-06-15T18:03:45+00:00,150,he_comparison_sgcc_sweep_t150_bfv.csv,BFV poly-4096,50.0,4401.389078393141,3804.6683280385037
BFV,poly-4096,4096,400,Joshuas-MacBook-Pro-212.local | Darwin 25.4.0 | arm | RAM 16.0 GB | CPU 10 logical,encrypt,0.849926,0.790291,0.198706,1.229265,2026-06-15T18:03:45+00:00,150,he_comparison_sgcc_sweep_t150_bfv.csv,BFV poly-4096,50.0,1176.5730192981507,813.4942424944987
BFV,poly-4096,4096,400,Joshuas-MacBook-Pro-212.local | Darwin 25.4.0 | arm | RAM 16.0 GB | CPU 10 logical,multiply,2.240516,2.249333,0.084688,2.367331,2026-06-15T18:03:45+00:00,150,he_comparison_sgcc_sweep_t150_bfv.csv,BFV poly-4096,50.0,446.3257571023818,422.41663713270344
BFV,poly-8192,8192,400,Joshuas-MacBook-Pro-212.local | Darwin 25.4.0 | arm | RAM 16.0 GB | CPU 10 logical,add,0.062856,0.061229,0.00603,0.06904,2026-06-15T18:03:46+00:00,150,he_comparison_sgcc_sweep_t150_bfv.csv,BFV poly-8192,50.0,15909.380170548557,14484.356894553881
BFV,poly-8192,8192,400,Joshuas-MacBook-Pro-212.local | Darwin 25.4.0 | arm | RAM 16.0 GB | CPU 10 logical,decrypt,0.704927,0.683458,0.06061,0.79345,2026-06-15T18:03:46+00:00,150,he_comparison_sgcc_sweep_t150_bfv.csv,BFV poly-8192,50.0,1418.5866054215544,1260.31886067175
BFV,poly-8192,8192,400,Joshuas-MacBook-Pro-212.local | Darwin 25.4.0 | arm | RAM 16.0 GB | CPU 10 logical,encrypt,2.186153,2.155375,0.278516,2.359319,2026-06-15T18:03:46+00:00,150,he_comparison_sgcc_sweep_t150_bfv.csv,BFV poly-8192,50.0,457.42452609675536,423.85111975108066
BFV,poly-8192,8192,400,Joshuas-MacBook-Pro-212.local | Darwin 25.4.0 | arm | RAM 16.0 GB | CPU 10 logical,multiply,8.987971,8.988917,0.166966,9.277692,2026-06-15T18:03:47+00:00,150,he_comparison_sgcc_sweep_t150_bfv.csv,BFV poly-8192,50.0,111.25981603634457,107.7854276688642
CKKS,balanced-8192,8192,400,Joshuas-MacBook-Pro-212.local | Darwin 25.4.0 | arm | RAM 16.0 GB | CPU 10 logical,add,0.038803,0.03825,0.003769,0.041113,2026-06-15T18:03:58+00:00,150,he_comparison_sgcc_sweep_t150_ckks.csv,CKKS balanced-8192,50.0,25771.203257480094,24323.206771580768
CKKS,balanced-8192,8192,400,Joshuas-MacBook-Pro-212.local | Darwin 25.4.0 | arm | RAM 16.0 GB | CPU 10 logical,decrypt,0.706328,0.689355,0.040212,0.769652,2026-06-15T18:03:58+00:00,150,he_comparison_sgcc_sweep_t150_ckks.csv,CKKS balanced-8192,50.0,1415.7728420790343,1299.2885096121363
CKKS,balanced-8192,8192,400,Joshuas-MacBook-Pro-212.local | Darwin 25.4.0 | arm | RAM 16.0 GB | CPU 10 logical,encrypt,2.606803,2.542396,0.513504,2.801437,2026-06-15T18:03:58+00:00,150,he_comparison_sgcc_sweep_t150_ckks.csv,CKKS balanced-8192,50.0,383.6116499789205,356.959660345744
CKKS,balanced-8192,8192,400,Joshuas-MacBook-Pro-212.local | Darwin 25.4.0 | arm | RAM 16.0 GB | CPU 10 logical,multiply,1.87052,1.852313,0.125949,2.100706,2026-06-15T18:03:58+00:00,150,he_comparison_sgcc_sweep_t150_ckks.csv,CKKS balanced-8192,50.0,534.6106964908154,476.03043929040996
CKKS,high-depth-16384,16384,400,Joshuas-MacBook-Pro-212.local | Darwin 25.4.0 | arm | RAM 16.0 GB | CPU 10 logical,add,0.111374,0.106291,0.026322,0.145267,2026-06-15T18:04:00+00:00,150,he_comparison_sgcc_sweep_t150_ckks.csv,CKKS high-depth-16384,50.0,8978.756262682493,6883.87589748532
CKKS,high-depth-16384,16384,400,Joshuas-MacBook-Pro-212.local | Darwin 25.4.0 | arm | RAM 16.0 GB | CPU 10 logical,decrypt,2.125845,2.100938,0.143871,2.352298,2026-06-15T18:04:00+00:00,150,he_comparison_sgcc_sweep_t150_ckks.csv,CKKS high-depth-16384,50.0,470.4011816477683,425.1162055147775
CKKS,high-depth-16384,16384,400,Joshuas-MacBook-Pro-212.local | Darwin 25.4.0 | arm | RAM 16.0 GB | CPU 10 logical,encrypt,6.297267,6.270834,0.239426,6.70469,2026-06-15T18:03:59+00:00,150,he_comparison_sgcc_sweep_t150_ckks.csv,CKKS high-depth-16384,50.0,158.799047269236,149.14932681451342
CKKS,high-depth-16384,16384,400,Joshuas-MacBook-Pro-212.local | Darwin 25.4.0 | arm | RAM 16.0 GB | CPU 10 logical,multiply,5.832398,5.763937,0.338332,6.630912,2026-06-15T18:04:01+00:00,150,he_comparison_sgcc_sweep_t150_ckks.csv,CKKS high-depth-16384,50.0,171.45606318361675,150.8088178519033
Paillier,PHE-2048,2048,8,Joshuas-MacBook-Pro-212.local | Darwin 25.4.0 | arm | RAM 16.0 GB | CPU 10 logical,add,0.058078,0.055583,0.008972,0.060083,2026-06-15T17:51:27+00:00,150,he_comparison_sgcc_sweep_t150_paillier.csv,Paillier PHE-2048,1.0,17218.22376803609,16643.64296057121
Paillier,PHE-2048,2048,8,Joshuas-MacBook-Pro-212.local | Darwin 25.4.0 | arm | RAM 16.0 GB | CPU 10 logical,decrypt,36.034619,33.096229,11.574252,51.641621,2026-06-15T17:51:27+00:00,150,he_comparison_sgcc_sweep_t150_paillier.csv,Paillier PHE-2048,1.0,27.75109124922342,19.364225611740576
Paillier,PHE-2048,2048,8,Joshuas-MacBook-Pro-212.local | Darwin 25.4.0 | arm | RAM 16.0 GB | CPU 10 logical,encrypt,127.488211,124.911708,14.215217,126.587311,2026-06-15T17:51:22+00:00,150,he_comparison_sgcc_sweep_t150_paillier.csv,Paillier PHE-2048,1.0,7.843862519962728,7.899685932976332
Paillier,PHE-2048,2048,8,Joshuas-MacBook-Pro-212.local | Darwin 25.4.0 | arm | RAM 16.0 GB | CPU 10 logical,keygen,637.113764,625.28725,138.895864,765.919,2026-06-15T17:51:02+00:00,150,he_comparison_sgcc_sweep_t150_paillier.csv,Paillier PHE-2048,1.0,1.5695783963631338,1.3056210904808472
Paillier,PHE-2048,2048,8,Joshuas-MacBook-Pro-212.local | Darwin 25.4.0 | arm | RAM 16.0 GB | CPU 10 logical,mul_plain,0.112676,0.110541,0.013236,0.127552,2026-06-15T17:51:27+00:00,150,he_comparison_sgcc_sweep_t150_paillier.csv,Paillier PHE-2048,1.0,8875.004437502219,7839.939789262418
Paillier,PHE-3072,3072,8,Joshuas-MacBook-Pro-212.local | Darwin 25.4.0 | arm | RAM 16.0 GB | CPU 10 logical,add,0.145466,0.113916,0.345487,0.135348,2026-06-15T18:03:42+00:00,150,he_comparison_sgcc_sweep_t150_paillier.csv,Paillier PHE-3072,1.0,6874.458636382385,7388.361852410084
Paillier,PHE-3072,3072,8,Joshuas-MacBook-Pro-212.local | Darwin 25.4.0 | arm | RAM 16.0 GB | CPU 10 logical,decrypt,104.854151,104.247895,1.463386,107.784402,2026-06-15T18:03:42+00:00,150,he_comparison_sgcc_sweep_t150_paillier.csv,Paillier PHE-3072,1.0,9.53705685910327,9.277780285871048
Paillier,PHE-3072,3072,8,Joshuas-MacBook-Pro-212.local | Darwin 25.4.0 | arm | RAM 16.0 GB | CPU 10 logical,encrypt,399.692132,384.632021,47.1671,474.717135,2026-06-15T18:03:26+00:00,150,he_comparison_sgcc_sweep_t150_paillier.csv,Paillier PHE-3072,1.0,2.5019256571205157,2.106517600212598
Paillier,PHE-3072,3072,8,Joshuas-MacBook-Pro-212.local | Darwin 25.4.0 | arm | RAM 16.0 GB | CPU 10 logical,keygen,14339.560056,14739.426125,7435.547591,20884.338275,2026-06-15T18:02:21+00:00,150,he_comparison_sgcc_sweep_t150_paillier.csv,Paillier PHE-3072,1.0,0.06973714647414006,0.047882771617287455
Paillier,PHE-3072,3072,8,Joshuas-MacBook-Pro-212.local | Darwin 25.4.0 | arm | RAM 16.0 GB | CPU 10 logical,mul_plain,0.227218,0.219625,0.020247,0.259048,2026-06-15T18:03:42+00:00,150,he_comparison_sgcc_sweep_t150_paillier.csv,Paillier PHE-3072,1.0,4401.059775193867,3860.288440752293
BFV,poly-16384,16384,400,Joshuas-MacBook-Pro-212.local | Darwin 25.4.0 | arm | RAM 16.0 GB | CPU 10 logical,add,0.355541,0.271312,0.2367,0.769033,2026-06-15T18:06:52+00:00,200,he_comparison_sgcc_sweep_t200_bfv.csv,BFV poly-16384,50.0,2812.6151414323526,1300.3343159526314
BFV,poly-16384,16384,400,Joshuas-MacBook-Pro-212.local | Darwin 25.4.0 | arm | RAM 16.0 GB | CPU 10 logical,decrypt,4.773898,3.457729,6.200595,9.069515,2026-06-15T18:06:52+00:00,200,he_comparison_sgcc_sweep_t200_bfv.csv,BFV poly-16384,50.0,209.47242693497012,110.25947914524646
BFV,poly-16384,16384,400,Joshuas-MacBook-Pro-212.local | Darwin 25.4.0 | arm | RAM 16.0 GB | CPU 10 logical,encrypt,7.499041,6.963145,2.36925,10.75806,2026-06-15T18:06:51+00:00,200,he_comparison_sgcc_sweep_t200_bfv.csv,BFV poly-16384,50.0,133.3503844024856,92.95356225936646
BFV,poly-16384,16384,400,Joshuas-MacBook-Pro-212.local | Darwin 25.4.0 | arm | RAM 16.0 GB | CPU 10 logical,multiply,52.375372,43.327687,23.040908,98.179669,2026-06-15T18:24:41+00:00,200,he_comparison_sgcc_sweep_t200_bfv.csv,BFV poly-16384,50.0,19.092943148928853,10.185408141883224
BFV,poly-4096,4096,400,Joshuas-MacBook-Pro-212.local | Darwin 25.4.0 | arm | RAM 16.0 GB | CPU 10 logical,add,0.02339,0.023167,0.003203,0.024484,2026-06-15T18:06:45+00:00,200,he_comparison_sgcc_sweep_t200_bfv.csv,BFV poly-4096,50.0,42753.313381787084,40842.99950988401
BFV,poly-4096,4096,400,Joshuas-MacBook-Pro-212.local | Darwin 25.4.0 | arm | RAM 16.0 GB | CPU 10 logical,decrypt,0.208712,0.200667,0.023436,0.252863,2026-06-15T18:06:45+00:00,200,he_comparison_sgcc_sweep_t200_bfv.csv,BFV poly-4096,50.0,4791.29134884434,3954.7106535950297
BFV,poly-4096,4096,400,Joshuas-MacBook-Pro-212.local | Darwin 25.4.0 | arm | RAM 16.0 GB | CPU 10 logical,encrypt,0.834616,0.799541,0.12372,0.975931,2026-06-15T18:06:45+00:00,200,he_comparison_sgcc_sweep_t200_bfv.csv,BFV poly-4096,50.0,1198.155798594803,1024.662604220995
BFV,poly-4096,4096,400,Joshuas-MacBook-Pro-212.local | Darwin 25.4.0 | arm | RAM 16.0 GB | CPU 10 logical,multiply,2.257647,2.245938,0.088923,2.414096,2026-06-15T18:06:45+00:00,200,he_comparison_sgcc_sweep_t200_bfv.csv,BFV poly-4096,50.0,442.9390422860616,414.23373386973844
BFV,poly-8192,8192,400,Joshuas-MacBook-Pro-212.local | Darwin 25.4.0 | arm | RAM 16.0 GB | CPU 10 logical,add,0.070543,0.067625,0.011322,0.087452,2026-06-15T18:06:46+00:00,200,he_comparison_sgcc_sweep_t200_bfv.csv,BFV poly-8192,50.0,14175.75096040713,11434.844257421213
BFV,poly-8192,8192,400,Joshuas-MacBook-Pro-212.local | Darwin 25.4.0 | arm | RAM 16.0 GB | CPU 10 logical,decrypt,0.717791,0.696624,0.051814,0.825074,2026-06-15T18:06:46+00:00,200,he_comparison_sgcc_sweep_t200_bfv.csv,BFV poly-8192,50.0,1393.1631909566993,1212.0124982728823
BFV,poly-8192,8192,400,Joshuas-MacBook-Pro-212.local | Darwin 25.4.0 | arm | RAM 16.0 GB | CPU 10 logical,encrypt,2.159406,2.126916,0.12416,2.356552,2026-06-15T18:06:46+00:00,200,he_comparison_sgcc_sweep_t200_bfv.csv,BFV poly-8192,50.0,463.09031279898267,424.3487943402055
BFV,poly-8192,8192,400,Joshuas-MacBook-Pro-212.local | Darwin 25.4.0 | arm | RAM 16.0 GB | CPU 10 logical,multiply,9.092868,9.065521,0.250188,9.477748,2026-06-15T18:06:48+00:00,200,he_comparison_sgcc_sweep_t200_bfv.csv,BFV poly-8192,50.0,109.97630230637903,105.51029632777744
CKKS,balanced-8192,8192,400,Joshuas-MacBook-Pro-212.local | Darwin 25.4.0 | arm | RAM 16.0 GB | CPU 10 logical,add,0.042092,0.03875,0.018114,0.05328,2026-06-15T18:24:42+00:00,200,he_comparison_sgcc_sweep_t200_ckks.csv,CKKS balanced-8192,50.0,23757.48360733631,18768.76876876877
CKKS,balanced-8192,8192,400,Joshuas-MacBook-Pro-212.local | Darwin 25.4.0 | arm | RAM 16.0 GB | CPU 10 logical,decrypt,0.954371,0.7775,0.509821,1.979287,2026-06-15T18:24:42+00:00,200,he_comparison_sgcc_sweep_t200_ckks.csv,CKKS balanced-8192,50.0,1047.810547470533,505.2324397623993
CKKS,balanced-8192,8192,400,Joshuas-MacBook-Pro-212.local | Darwin 25.4.0 | arm | RAM 16.0 GB | CPU 10 logical,encrypt,4.232692,3.463062,2.40992,8.530219,2026-06-15T18:24:42+00:00,200,he_comparison_sgcc_sweep_t200_ckks.csv,CKKS balanced-8192,50.0,236.25626433484882,117.2302844745252
CKKS,balanced-8192,8192,400,Joshuas-MacBook-Pro-212.local | Darwin 25.4.0 | arm | RAM 16.0 GB | CPU 10 logical,multiply,2.725643,2.264958,1.283452,5.273986,2026-06-15T18:24:43+00:00,200,he_comparison_sgcc_sweep_t200_ckks.csv,CKKS balanced-8192,50.0,366.88590545423597,189.6099079519741
CKKS,high-depth-16384,16384,400,Joshuas-MacBook-Pro-212.local | Darwin 25.4.0 | arm | RAM 16.0 GB | CPU 10 logical,add,0.155674,0.109501,0.105379,0.36969,2026-06-15T18:41:02+00:00,200,he_comparison_sgcc_sweep_t200_ckks.csv,CKKS high-depth-16384,50.0,6423.680254891632,2704.9690281046283
CKKS,high-depth-16384,16384,400,Joshuas-MacBook-Pro-212.local | Darwin 25.4.0 | arm | RAM 16.0 GB | CPU 10 logical,decrypt,4.080339,3.090187,2.574115,8.630858,2026-06-15T18:41:02+00:00,200,he_comparison_sgcc_sweep_t200_ckks.csv,CKKS high-depth-16384,50.0,245.07767614406546,115.8633359510723
CKKS,high-depth-16384,16384,400,Joshuas-MacBook-Pro-212.local | Darwin 25.4.0 | arm | RAM 16.0 GB | CPU 10 logical,encrypt,13.552543,11.983666,5.439702,24.993777,2026-06-15T18:41:01+00:00,200,he_comparison_sgcc_sweep_t200_ckks.csv,CKKS high-depth-16384,50.0,73.78689003237253,40.00995927906374
CKKS,high-depth-16384,16384,400,Joshuas-MacBook-Pro-212.local | Darwin 25.4.0 | arm | RAM 16.0 GB | CPU 10 logical,multiply,15.295419,8.026958,19.072599,50.482434,2026-06-15T18:41:06+00:00,200,he_comparison_sgcc_sweep_t200_ckks.csv,CKKS high-depth-16384,50.0,65.37905238163138,19.808870546931235
Paillier,PHE-2048,2048,8,Joshuas-MacBook-Pro-212.local | Darwin 25.4.0 | arm | RAM 16.0 GB | CPU 10 logical,add,0.05713,0.054875,0.00629,0.065819,2026-06-15T18:04:50+00:00,200,he_comparison_sgcc_sweep_t200_paillier.csv,Paillier PHE-2048,1.0,17503.93838613688,15193.181300232454
Paillier,PHE-2048,2048,8,Joshuas-MacBook-Pro-212.local | Darwin 25.4.0 | arm | RAM 16.0 GB | CPU 10 logical,decrypt,34.263536,33.456458,3.369939,36.40206,2026-06-15T18:04:50+00:00,200,he_comparison_sgcc_sweep_t200_paillier.csv,Paillier PHE-2048,1.0,29.1855458234083,27.47097279659448
Paillier,PHE-2048,2048,8,Joshuas-MacBook-Pro-212.local | Darwin 25.4.0 | arm | RAM 16.0 GB | CPU 10 logical,encrypt,124.585291,123.823709,5.229703,125.319416,2026-06-15T18:04:43+00:00,200,he_comparison_sgcc_sweep_t200_paillier.csv,Paillier PHE-2048,1.0,8.026629724691979,7.979609480465501
Paillier,PHE-2048,2048,8,Joshuas-MacBook-Pro-212.local | Darwin 25.4.0 | arm | RAM 16.0 GB | CPU 10 logical,keygen,1904.272819,2337.09375,1217.377533,2795.196712,2026-06-15T18:04:16+00:00,200,he_comparison_sgcc_sweep_t200_paillier.csv,Paillier PHE-2048,1.0,0.525134838885709,0.3577565742356955
Paillier,PHE-2048,2048,8,Joshuas-MacBook-Pro-212.local | Darwin 25.4.0 | arm | RAM 16.0 GB | CPU 10 logical,mul_plain,0.111408,0.109062,0.01022,0.131041,2026-06-15T18:04:50+00:00,200,he_comparison_sgcc_sweep_t200_paillier.csv,Paillier PHE-2048,1.0,8976.016085020825,7631.199395609008
Paillier,PHE-3072,3072,8,Joshuas-MacBook-Pro-212.local | Darwin 25.4.0 | arm | RAM 16.0 GB | CPU 10 logical,add,0.113473,0.11002,0.010229,0.127121,2026-06-15T18:06:41+00:00,200,he_comparison_sgcc_sweep_t200_paillier.csv,Paillier PHE-3072,1.0,8812.669093088223,7866.520873813138
Paillier,PHE-3072,3072,8,Joshuas-MacBook-Pro-212.local | Darwin 25.4.0 | arm | RAM 16.0 GB | CPU 10 logical,decrypt,105.819626,105.281104,2.598251,108.466571,2026-06-15T18:06:41+00:00,200,he_comparison_sgcc_sweep_t200_paillier.csv,Paillier PHE-3072,1.0,9.450042849329291,9.219430380997293
Paillier,PHE-3072,3072,8,Joshuas-MacBook-Pro-212.local | Darwin 25.4.0 | arm | RAM 16.0 GB | CPU 10 logical,encrypt,391.006168,383.773646,31.294798,411.880171,2026-06-15T18:06:20+00:00,200,he_comparison_sgcc_sweep_t200_paillier.csv,Paillier PHE-3072,1.0,2.557504412564663,2.427890610932081
Paillier,PHE-3072,3072,8,Joshuas-MacBook-Pro-212.local | Darwin 25.4.0 | arm | RAM 16.0 GB | CPU 10 logical,keygen,1904.295639,1766.827084,819.860634,2682.463459,2026-06-15T18:04:55+00:00,200,he_comparison_sgcc_sweep_t200_paillier.csv,Paillier PHE-3072,1.0,0.5251285459673313,0.37279165784901
Paillier,PHE-3072,3072,8,Joshuas-MacBook-Pro-212.local | Darwin 25.4.0 | arm | RAM 16.0 GB | CPU 10 logical,mul_plain,0.224019,0.217396,0.017115,0.255576,2026-06-15T18:06:42+00:00,200,he_comparison_sgcc_sweep_t200_paillier.csv,Paillier PHE-3072,1.0,4463.907079310237,3912.730459824083
BFV,poly-16384,16384,400,Joshuas-MacBook-Pro-212.local | Darwin 25.4.0 | arm | RAM 16.0 GB | CPU 10 logical,add,0.302418,0.260521,0.150535,0.534192,2026-06-15T18:49:42+00:00,250,he_comparison_sgcc_sweep_t250_bfv.csv,BFV poly-16384,50.0,3306.6814805996996,1871.986102375176
BFV,poly-16384,16384,400,Joshuas-MacBook-Pro-212.local | Darwin 25.4.0 | arm | RAM 16.0 GB | CPU 10 logical,decrypt,2.920077,2.861271,0.340122,3.356815,2026-06-15T18:49:42+00:00,250,he_comparison_sgcc_sweep_t250_bfv.csv,BFV poly-16384,50.0,342.45672288778684,297.90143335274655
BFV,poly-16384,16384,400,Joshuas-MacBook-Pro-212.local | Darwin 25.4.0 | arm | RAM 16.0 GB | CPU 10 logical,encrypt,6.961003,6.901041,0.337143,7.582402,2026-06-15T18:49:42+00:00,250,he_comparison_sgcc_sweep_t250_bfv.csv,BFV poly-16384,50.0,143.65745855877378,131.88432900286742
BFV,poly-16384,16384,400,Joshuas-MacBook-Pro-212.local | Darwin 25.4.0 | arm | RAM 16.0 GB | CPU 10 logical,multiply,42.860247,42.576437,1.82958,44.056736,2026-06-15T18:49:53+00:00,250,he_comparison_sgcc_sweep_t250_bfv.csv,BFV poly-16384,50.0,23.331643422400248,22.69800468196282
BFV,poly-4096,4096,400,Joshuas-MacBook-Pro-212.local | Darwin 25.4.0 | arm | RAM 16.0 GB | CPU 10 logical,add,0.023407,0.022604,0.005995,0.024258,2026-06-15T18:49:34+00:00,250,he_comparison_sgcc_sweep_t250_bfv.csv,BFV poly-4096,50.0,42722.26257102576,41223.51389232418
BFV,poly-4096,4096,400,Joshuas-MacBook-Pro-212.local | Darwin 25.4.0 | arm | RAM 16.0 GB | CPU 10 logical,decrypt,0.212156,0.200313,0.10779,0.235956,2026-06-15T18:49:34+00:00,250,he_comparison_sgcc_sweep_t250_bfv.csv,BFV poly-4096,50.0,4713.512698203209,4238.078285782095
BFV,poly-4096,4096,400,Joshuas-MacBook-Pro-212.local | Darwin 25.4.0 | arm | RAM 16.0 GB | CPU 10 logical,encrypt,0.942868,0.799729,0.686042,1.274602,2026-06-15T18:49:34+00:00,250,he_comparison_sgcc_sweep_t250_bfv.csv,BFV poly-4096,50.0,1060.5938477072082,784.5586308510422
BFV,poly-4096,4096,400,Joshuas-MacBook-Pro-212.local | Darwin 25.4.0 | arm | RAM 16.0 GB | CPU 10 logical,multiply,2.244342,2.245604,0.101387,2.399294,2026-06-15T18:49:34+00:00,250,he_comparison_sgcc_sweep_t250_bfv.csv,BFV poly-4096,50.0,445.5648916252514,416.7892721775656
BFV,poly-8192,8192,400,Joshuas-MacBook-Pro-212.local | Darwin 25.4.0 | arm | RAM 16.0 GB | CPU 10 logical,add,0.068841,0.065938,0.023925,0.081112,2026-06-15T18:49:35+00:00,250,he_comparison_sgcc_sweep_t250_bfv.csv,BFV poly-8192,50.0,14526.22710303453,12328.632014991616
BFV,poly-8192,8192,400,Joshuas-MacBook-Pro-212.local | Darwin 25.4.0 | arm | RAM 16.0 GB | CPU 10 logical,decrypt,0.740015,0.690313,0.254582,0.818329,2026-06-15T18:49:35+00:00,250,he_comparison_sgcc_sweep_t250_bfv.csv,BFV poly-8192,50.0,1351.3239596494666,1222.002397568704
BFV,poly-8192,8192,400,Joshuas-MacBook-Pro-212.local | Darwin 25.4.0 | arm | RAM 16.0 GB | CPU 10 logical,encrypt,2.173827,2.146084,0.228419,2.395425,2026-06-15T18:49:35+00:00,250,he_comparison_sgcc_sweep_t250_bfv.csv,BFV poly-8192,50.0,460.0182075206536,417.4624544705011
BFV,poly-8192,8192,400,Joshuas-MacBook-Pro-212.local | Darwin 25.4.0 | arm | RAM 16.0 GB | CPU 10 logical,multiply,9.960385,9.088417,2.988262,14.903156,2026-06-15T18:49:38+00:00,250,he_comparison_sgcc_sweep_t250_bfv.csv,BFV poly-8192,50.0,100.39772558992448,67.09988139424965
CKKS,balanced-8192,8192,400,Joshuas-MacBook-Pro-212.local | Darwin 25.4.0 | arm | RAM 16.0 GB | CPU 10 logical,add,0.037302,0.035583,0.007419,0.041278,2026-06-15T18:49:54+00:00,250,he_comparison_sgcc_sweep_t250_ckks.csv,CKKS balanced-8192,50.0,26808.214036780868,24225.979940888607
CKKS,balanced-8192,8192,400,Joshuas-MacBook-Pro-212.local | Darwin 25.4.0 | arm | RAM 16.0 GB | CPU 10 logical,decrypt,0.711902,0.699125,0.043983,0.79659,2026-06-15T18:49:54+00:00,250,he_comparison_sgcc_sweep_t250_ckks.csv,CKKS balanced-8192,50.0,1404.6877238721058,1255.350933353419
CKKS,balanced-8192,8192,400,Joshuas-MacBook-Pro-212.local | Darwin 25.4.0 | arm | RAM 16.0 GB | CPU 10 logical,encrypt,2.59973,2.548646,0.593383,2.743112,2026-06-15T18:49:54+00:00,250,he_comparison_sgcc_sweep_t250_ckks.csv,CKKS balanced-8192,50.0,384.65532959191916,364.5494606126181
CKKS,balanced-8192,8192,400,Joshuas-MacBook-Pro-212.local | Darwin 25.4.0 | arm | RAM 16.0 GB | CPU 10 logical,multiply,1.85959,1.835875,0.103615,2.07546,2026-06-15T18:49:55+00:00,250,he_comparison_sgcc_sweep_t250_ckks.csv,CKKS balanced-8192,50.0,537.7529455417592,481.8208975359679
CKKS,high-depth-16384,16384,400,Joshuas-MacBook-Pro-212.local | Darwin 25.4.0 | arm | RAM 16.0 GB | CPU 10 logical,add,0.105893,0.102875,0.013575,0.121608,2026-06-15T18:49:57+00:00,250,he_comparison_sgcc_sweep_t250_ckks.csv,CKKS high-depth-16384,50.0,9443.49484857356,8223.14321426222
CKKS,high-depth-16384,16384,400,Joshuas-MacBook-Pro-212.local | Darwin 25.4.0 | arm | RAM 16.0 GB | CPU 10 logical,decrypt,2.099961,2.06273,0.14486,2.274667,2026-06-15T18:49:57+00:00,250,he_comparison_sgcc_sweep_t250_ckks.csv,CKKS high-depth-16384,50.0,476.1993198921313,439.6247890350544
CKKS,high-depth-16384,16384,400,Joshuas-MacBook-Pro-212.local | Darwin 25.4.0 | arm | RAM 16.0 GB | CPU 10 logical,encrypt,6.270001,6.2575,0.256699,6.577456,2026-06-15T18:49:57+00:00,250,he_comparison_sgcc_sweep_t250_ckks.csv,CKKS high-depth-16384,50.0,159.48960773690467,152.03446438866334
CKKS,high-depth-16384,16384,400,Joshuas-MacBook-Pro-212.local | Darwin 25.4.0 | arm | RAM 16.0 GB | CPU 10 logical,multiply,5.910133,5.762646,0.930921,6.207431,2026-06-15T18:49:59+00:00,250,he_comparison_sgcc_sweep_t250_ckks.csv,CKKS high-depth-16384,50.0,169.20092999599163,161.0972397437845
Paillier,PHE-2048,2048,8,Joshuas-MacBook-Pro-212.local | Darwin 25.4.0 | arm | RAM 16.0 GB | CPU 10 logical,add,0.059582,0.055896,0.021576,0.065111,2026-06-15T18:47:13+00:00,250,he_comparison_sgcc_sweep_t250_paillier.csv,Paillier PHE-2048,1.0,16783.592360108756,15358.38798359724
Paillier,PHE-2048,2048,8,Joshuas-MacBook-Pro-212.local | Darwin 25.4.0 | arm | RAM 16.0 GB | CPU 10 logical,decrypt,34.814049,33.919646,5.300033,39.524475,2026-06-15T18:47:13+00:00,250,he_comparison_sgcc_sweep_t250_paillier.csv,Paillier PHE-2048,1.0,28.72403609244073,25.300778821224064
Paillier,PHE-2048,2048,8,Joshuas-MacBook-Pro-212.local | Darwin 25.4.0 | arm | RAM 16.0 GB | CPU 10 logical,encrypt,176.98991,138.893958,84.502553,330.39845,2026-06-15T18:47:04+00:00,250,he_comparison_sgcc_sweep_t250_paillier.csv,Paillier PHE-2048,1.0,5.6500395983025244,3.0266485814325095
Paillier,PHE-2048,2048,8,Joshuas-MacBook-Pro-212.local | Darwin 25.4.0 | arm | RAM 16.0 GB | CPU 10 logical,keygen,1732.985,1518.000208,1515.480133,3161.829733,2026-06-15T18:46:09+00:00,250,he_comparison_sgcc_sweep_t250_paillier.csv,Paillier PHE-2048,1.0,0.5770390395762226,0.316272565079329
Paillier,PHE-2048,2048,8,Joshuas-MacBook-Pro-212.local | Darwin 25.4.0 | arm | RAM 16.0 GB | CPU 10 logical,mul_plain,0.117569,0.110646,0.032878,0.147034,2026-06-15T18:47:13+00:00,250,he_comparison_sgcc_sweep_t250_paillier.csv,Paillier PHE-2048,1.0,8505.643494458573,6801.148033788104
Paillier,PHE-3072,3072,8,Joshuas-MacBook-Pro-212.local | Darwin 25.4.0 | arm | RAM 16.0 GB | CPU 10 logical,add,0.115463,0.112812,0.010373,0.129637,2026-06-15T18:49:28+00:00,250,he_comparison_sgcc_sweep_t250_paillier.csv,Paillier PHE-3072,1.0,8660.783108008627,7713.847126977637
Paillier,PHE-3072,3072,8,Joshuas-MacBook-Pro-212.local | Darwin 25.4.0 | arm | RAM 16.0 GB | CPU 10 logical,decrypt,107.001723,105.212355,8.163521,110.053711,2026-06-15T18:49:28+00:00,250,he_comparison_sgcc_sweep_t250_paillier.csv,Paillier PHE-3072,1.0,9.345643901453812,9.08647233167812
Paillier,PHE-3072,3072,8,Joshuas-MacBook-Pro-212.local | Darwin 25.4.0 | arm | RAM 16.0 GB | CPU 10 logical,encrypt,393.851708,387.526458,31.162339,419.638979,2026-06-15T18:49:01+00:00,250,he_comparison_sgcc_sweep_t250_paillier.csv,Paillier PHE-3072,1.0,2.539026693772774,2.3830007459817026
Paillier,PHE-3072,3072,8,Joshuas-MacBook-Pro-212.local | Darwin 25.4.0 | arm | RAM 16.0 GB | CPU 10 logical,keygen,1831.777944,1838.321458,424.320655,2211.342246,2026-06-15T18:47:18+00:00,250,he_comparison_sgcc_sweep_t250_paillier.csv,Paillier PHE-3072,1.0,0.5459176988540048,0.452214035077047
Paillier,PHE-3072,3072,8,Joshuas-MacBook-Pro-212.local | Darwin 25.4.0 | arm | RAM 16.0 GB | CPU 10 logical,mul_plain,0.223893,0.217438,0.015077,0.260525,2026-06-15T18:49:28+00:00,250,he_comparison_sgcc_sweep_t250_paillier.csv,Paillier PHE-3072,1.0,4466.419227041489,3838.403224258708
BFV,poly-16384,16384,400,Joshuas-MacBook-Pro-212.local | Darwin 25.4.0 | arm | RAM 16.0 GB | CPU 10 logical,add,0.28573,0.264125,0.064709,0.389385,2026-06-15T18:54:05+00:00,300,he_comparison_sgcc_sweep_t300_bfv.csv,BFV poly-16384,50.0,3499.807510586918,2568.152342796975
BFV,poly-16384,16384,400,Joshuas-MacBook-Pro-212.local | Darwin 25.4.0 | arm | RAM 16.0 GB | CPU 10 logical,decrypt,2.955094,2.952291,0.26521,3.338285,2026-06-15T18:54:05+00:00,300,he_comparison_sgcc_sweep_t300_bfv.csv,BFV poly-16384,50.0,338.3987108362712,299.5550110311133
BFV,poly-16384,16384,400,Joshuas-MacBook-Pro-212.local | Darwin 25.4.0 | arm | RAM 16.0 GB | CPU 10 logical,encrypt,6.940122,6.878146,0.392541,7.484285,2026-06-15T18:54:04+00:00,300,he_comparison_sgcc_sweep_t300_bfv.csv,BFV poly-16384,50.0,144.08968603145593,133.61329772984325
BFV,poly-16384,16384,400,Joshuas-MacBook-Pro-212.local | Darwin 25.4.0 | arm | RAM 16.0 GB | CPU 10 logical,multiply,44.775593,42.938625,9.406418,48.646841,2026-06-15T18:54:19+00:00,300,he_comparison_sgcc_sweep_t300_bfv.csv,BFV poly-16384,50.0,22.3335958945312,20.556319371282505
BFV,poly-4096,4096,400,Joshuas-MacBook-Pro-212.local | Darwin 25.4.0 | arm | RAM 16.0 GB | CPU 10 logical,add,0.022478,0.0225,0.001716,0.02401,2026-06-15T18:53:56+00:00,300,he_comparison_sgcc_sweep_t300_bfv.csv,BFV poly-4096,50.0,44487.94376723908,41649.312786339025
BFV,poly-4096,4096,400,Joshuas-MacBook-Pro-212.local | Darwin 25.4.0 | arm | RAM 16.0 GB | CPU 10 logical,decrypt,0.210443,0.202479,0.054336,0.255305,2026-06-15T18:53:56+00:00,300,he_comparison_sgcc_sweep_t300_bfv.csv,BFV poly-4096,50.0,4751.880556730326,3916.8837273065546
BFV,poly-4096,4096,400,Joshuas-MacBook-Pro-212.local | Darwin 25.4.0 | arm | RAM 16.0 GB | CPU 10 logical,encrypt,0.808631,0.78577,0.07295,0.894061,2026-06-15T18:53:56+00:00,300,he_comparison_sgcc_sweep_t300_bfv.csv,BFV poly-4096,50.0,1236.6580059384319,1118.4919149811926
BFV,poly-4096,4096,400,Joshuas-MacBook-Pro-212.local | Darwin 25.4.0 | arm | RAM 16.0 GB | CPU 10 logical,multiply,2.240185,2.245938,0.084787,2.379868,2026-06-15T18:53:57+00:00,300,he_comparison_sgcc_sweep_t300_bfv.csv,BFV poly-4096,50.0,446.3917042565681,420.19137195844473
BFV,poly-8192,8192,400,Joshuas-MacBook-Pro-212.local | Darwin 25.4.0 | arm | RAM 16.0 GB | CPU 10 logical,add,0.066622,0.064562,0.015581,0.071127,2026-06-15T18:53:58+00:00,300,he_comparison_sgcc_sweep_t300_bfv.csv,BFV poly-8192,50.0,15010.05673801447,14059.35861206012
BFV,poly-8192,8192,400,Joshuas-MacBook-Pro-212.local | Darwin 25.4.0 | arm | RAM 16.0 GB | CPU 10 logical,decrypt,0.718455,0.697188,0.052271,0.838342,2026-06-15T18:53:58+00:00,300,he_comparison_sgcc_sweep_t300_bfv.csv,BFV poly-8192,50.0,1391.8756219944187,1192.830610896269
BFV,poly-8192,8192,400,Joshuas-MacBook-Pro-212.local | Darwin 25.4.0 | arm | RAM 16.0 GB | CPU 10 logical,encrypt,2.22169,2.143479,0.488902,2.369554,2026-06-15T18:53:58+00:00,300,he_comparison_sgcc_sweep_t300_bfv.csv,BFV poly-8192,50.0,450.10780081829597,422.0203464449428
BFV,poly-8192,8192,400,Joshuas-MacBook-Pro-212.local | Darwin 25.4.0 | arm | RAM 16.0 GB | CPU 10 logical,multiply,9.092126,9.029376,0.35776,9.543434,2026-06-15T18:54:01+00:00,300,he_comparison_sgcc_sweep_t300_bfv.csv,BFV poly-8192,50.0,109.98527737077114,104.78408505785235
CKKS,balanced-8192,8192,400,Joshuas-MacBook-Pro-212.local | Darwin 25.4.0 | arm | RAM 16.0 GB | CPU 10 logical,add,0.035907,0.035375,0.003198,0.037502,2026-06-15T18:54:20+00:00,300,he_comparison_sgcc_sweep_t300_ckks.csv,CKKS balanced-8192,50.0,27849.72289525719,26665.24452029225
CKKS,balanced-8192,8192,400,Joshuas-MacBook-Pro-212.local | Darwin 25.4.0 | arm | RAM 16.0 GB | CPU 10 logical,decrypt,0.757597,0.738437,0.034826,0.831204,2026-06-15T18:54:20+00:00,300,he_comparison_sgcc_sweep_t300_ckks.csv,CKKS balanced-8192,50.0,1319.96298823781,1203.0740949273584
CKKS,balanced-8192,8192,400,Joshuas-MacBook-Pro-212.local | Darwin 25.4.0 | arm | RAM 16.0 GB | CPU 10 logical,encrypt,2.564572,2.529646,0.426584,2.708898,2026-06-15T18:54:20+00:00,300,he_comparison_sgcc_sweep_t300_ckks.csv,CKKS balanced-8192,50.0,389.92861186973886,369.1538035023836
CKKS,balanced-8192,8192,400,Joshuas-MacBook-Pro-212.local | Darwin 25.4.0 | arm | RAM 16.0 GB | CPU 10 logical,multiply,1.83732,1.819938,0.070395,1.963293,2026-06-15T18:54:21+00:00,300,he_comparison_sgcc_sweep_t300_ckks.csv,CKKS balanced-8192,50.0,544.2710034180219,509.34832447321924
CKKS,high-depth-16384,16384,400,Joshuas-MacBook-Pro-212.local | Darwin 25.4.0 | arm | RAM 16.0 GB | CPU 10 logical,add,0.104982,0.099979,0.036143,0.113888,2026-06-15T18:54:24+00:00,300,he_comparison_sgcc_sweep_t300_ckks.csv,CKKS high-depth-16384,50.0,9525.442456802119,8780.556336049453
CKKS,high-depth-16384,16384,400,Joshuas-MacBook-Pro-212.local | Darwin 25.4.0 | arm | RAM 16.0 GB | CPU 10 logical,decrypt,2.255188,2.232979,0.128991,2.448158,2026-06-15T18:54:24+00:00,300,he_comparison_sgcc_sweep_t300_ckks.csv,CKKS high-depth-16384,50.0,443.42201182340455,408.47036833407
CKKS,high-depth-16384,16384,400,Joshuas-MacBook-Pro-212.local | Darwin 25.4.0 | arm | RAM 16.0 GB | CPU 10 logical,encrypt,6.632564,6.222459,2.858199,6.69216,2026-06-15T18:54:23+00:00,300,he_comparison_sgcc_sweep_t300_ckks.csv,CKKS high-depth-16384,50.0,150.77125527925548,149.4285850906135
CKKS,high-depth-16384,16384,400,Joshuas-MacBook-Pro-212.local | Darwin 25.4.0 | arm | RAM 16.0 GB | CPU 10 logical,multiply,5.789378,5.761166,0.21349,6.10801,2026-06-15T18:54:25+00:00,300,he_comparison_sgcc_sweep_t300_ckks.csv,CKKS high-depth-16384,50.0,172.7301274851979,163.71944381230549
Paillier,PHE-2048,2048,8,Joshuas-MacBook-Pro-212.local | Darwin 25.4.0 | arm | RAM 16.0 GB | CPU 10 logical,add,0.055763,0.054959,0.003651,0.057793,2026-06-15T18:51:02+00:00,300,he_comparison_sgcc_sweep_t300_paillier.csv,Paillier PHE-2048,1.0,17933.038035973674,17303.133597494507
Paillier,PHE-2048,2048,8,Joshuas-MacBook-Pro-212.local | Darwin 25.4.0 | arm | RAM 16.0 GB | CPU 10 logical,decrypt,40.337103,33.962313,17.172956,66.586569,2026-06-15T18:51:02+00:00,300,he_comparison_sgcc_sweep_t300_paillier.csv,Paillier PHE-2048,1.0,24.791071386559416,15.018043653818536
Paillier,PHE-2048,2048,8,Joshuas-MacBook-Pro-212.local | Darwin 25.4.0 | arm | RAM 16.0 GB | CPU 10 logical,encrypt,125.685283,124.449042,8.21855,127.190694,2026-06-15T18:50:50+00:00,300,he_comparison_sgcc_sweep_t300_paillier.csv,Paillier PHE-2048,1.0,7.956381018770511,7.862210422407162
Paillier,PHE-2048,2048,8,Joshuas-MacBook-Pro-212.local | Darwin 25.4.0 | arm | RAM 16.0 GB | CPU 10 logical,keygen,469.894194,425.013291,150.597824,616.548592,2026-06-15T18:50:11+00:00,300,he_comparison_sgcc_sweep_t300_paillier.csv,Paillier PHE-2048,1.0,2.1281386592318694,1.621932176920777
Paillier,PHE-2048,2048,8,Joshuas-MacBook-Pro-212.local | Darwin 25.4.0 | arm | RAM 16.0 GB | CPU 10 logical,mul_plain,0.111376,0.106791,0.014144,0.121673,2026-06-15T18:51:02+00:00,300,he_comparison_sgcc_sweep_t300_paillier.csv,Paillier PHE-2048,1.0,8978.59502944979,8218.750256835945
Paillier,PHE-3072,3072,8,Joshuas-MacBook-Pro-212.local | Darwin 25.4.0 | arm | RAM 16.0 GB | CPU 10 logical,add,0.113489,0.110333,0.00763,0.124314,2026-06-15T18:53:51+00:00,300,he_comparison_sgcc_sweep_t300_paillier.csv,Paillier PHE-3072,1.0,8811.426658090211,8044.146274755861
Paillier,PHE-3072,3072,8,Joshuas-MacBook-Pro-212.local | Darwin 25.4.0 | arm | RAM 16.0 GB | CPU 10 logical,decrypt,107.594579,105.501437,9.995738,117.518051,2026-06-15T18:53:51+00:00,300,he_comparison_sgcc_sweep_t300_paillier.csv,Paillier PHE-3072,1.0,9.294148546275737,8.509331047363949
Paillier,PHE-3072,3072,8,Joshuas-MacBook-Pro-212.local | Darwin 25.4.0 | arm | RAM 16.0 GB | CPU 10 logical,encrypt,391.423534,384.277292,29.214418,417.236902,2026-06-15T18:53:19+00:00,300,he_comparison_sgcc_sweep_t300_paillier.csv,Paillier PHE-3072,1.0,2.554777403854312,2.3967199334636033
Paillier,PHE-3072,3072,8,Joshuas-MacBook-Pro-212.local | Darwin 25.4.0 | arm | RAM 16.0 GB | CPU 10 logical,keygen,3644.224375,3452.571541,2477.851411,5936.360529,2026-06-15T18:51:13+00:00,300,he_comparison_sgcc_sweep_t300_paillier.csv,Paillier PHE-3072,1.0,0.2744068139328002,0.16845338067235843
Paillier,PHE-3072,3072,8,Joshuas-MacBook-Pro-212.local | Darwin 25.4.0 | arm | RAM 16.0 GB | CPU 10 logical,mul_plain,0.221283,0.215792,0.01463,0.248225,2026-06-15T18:53:51+00:00,300,he_comparison_sgcc_sweep_t300_paillier.csv,Paillier PHE-3072,1.0,4519.09997604877,4028.6030818813574
